"Date ","series ","OPEN ","HIGH ","LOW ","PREV. CLOSE ","ltp ","close ","vwap ","52W H ","52W L ","VOLUME ","VALUE ","No of trades "
"28-Mar-2025","EQ","656.65","660.40","624.00","656.40","637.20","636.25","641.21","671.30","452.10","44,21,109","2,83,48,55,335.35","98,266"
"27-Mar-2025","EQ","650.00","663.75","649.95","652.40","657.00","656.40","656.81","671.30","452.10","33,98,420","2,23,21,11,311.45","66,088"
"26-Mar-2025","EQ","652.00","656.85","644.00","653.00","650.50","652.40","652.74","671.30","452.10","15,70,129","1,02,48,91,036.25","52,881"
"25-Mar-2025","EQ","663.90","663.90","648.10","658.45","652.00","653.00","654.34","671.30","452.10","9,88,124","64,65,64,250.05","34,621"
"24-Mar-2025","EQ","667.95","668.80","657.40","658.85","660.00","658.45","662.43","671.30","452.10","18,78,198","1,24,41,66,466.70","59,011"
"21-Mar-2025","EQ","649.00","671.30","645.65","646.85","662.30","658.85","661.11","671.30","449.25","52,31,169","3,45,83,86,256.45","97,095"
"20-Mar-2025","EQ","648.95","651.45","644.10","646.30","647.40","646.85","647.87","658.25","449.25","12,72,076","82,41,35,768.90","44,047"
"19-Mar-2025","EQ","641.00","648.00","636.90","635.20","646.35","646.30","644.26","658.25","449.25","15,33,871","98,82,13,650.85","36,390"
"18-Mar-2025","EQ","630.00","636.75","623.15","626.15","634.00","635.20","630.43","658.25","449.25","21,32,031","1,34,40,86,927.65","66,104"
"17-Mar-2025","EQ","601.45","627.90","601.45","601.45","625.60","626.15","620.13","658.25","449.25","23,77,362","1,47,42,68,351.10","72,372"
"13-Mar-2025","EQ","610.90","614.40","600.40","608.05","602.15","601.45","606.03","658.25","447.80","14,76,114","89,45,73,398.50","43,864"
"12-Mar-2025","EQ","617.95","620.15","599.95","615.05","607.15","608.05","607.80","658.25","447.80","18,15,285","1,10,33,32,247.65","45,711"
"11-Mar-2025","EQ","613.45","618.85","602.35","615.45","614.35","615.05","613.53","658.25","447.80","15,64,110","95,96,21,502.30","37,203"
"10-Mar-2025","EQ","631.45","637.00","611.85","629.85","615.00","615.45","622.75","658.25","447.80","14,28,305","88,94,74,636.00","41,854"
"07-Mar-2025","EQ","624.55","642.70","620.40","624.70","631.50","629.85","633.17","658.25","447.80","20,73,888","1,31,31,17,849.45","49,520"
"06-Mar-2025","EQ","634.90","639.25","622.70","627.85","622.70","624.70","627.77","658.25","447.80","16,17,185","1,01,52,20,434.05","41,048"
"05-Mar-2025","EQ","615.00","630.20","614.15","613.40","627.45","627.85","625.65","658.25","447.80","23,67,281","1,48,10,99,115.70","64,992"
"04-Mar-2025","EQ","607.00","619.60","607.00","616.70","614.20","613.40","612.83","658.25","447.80","15,57,537","95,45,02,791.75","35,010"
"03-Mar-2025","EQ","628.10","634.15","611.25","632.95","615.45","616.70","620.27","658.25","447.80","32,73,667","2,03,05,45,180.60","69,472"
"28-Feb-2025","EQ","635.00","641.00","619.50","643.65","630.15","632.95","628.95","658.25","447.80","46,76,015","2,94,09,70,792.65","80,203"
"27-Feb-2025","EQ","648.00","648.35","634.20","647.50","640.45","643.65","641.26","658.25","447.80","27,17,730","1,74,27,58,675.60","81,375"
"25-Feb-2025","EQ","648.10","657.30","645.00","645.20","645.00","647.50","650.95","658.25","447.80","15,81,083","1,02,92,09,907.85","52,566"
"24-Feb-2025","EQ","643.75","648.95","638.30","646.35","646.00","645.20","645.21","658.25","447.80","12,93,274","83,44,33,115.15","40,843"
"21-Feb-2025","EQ","648.00","658.25","637.40","647.25","643.90","646.35","647.71","658.25","447.80","13,66,273","88,49,49,685.70","39,517"
"20-Feb-2025","EQ","650.05","653.95","644.25","650.05","646.95","647.25","648.72","653.95","447.80","21,42,244","1,38,97,16,443.15","51,193"
"19-Feb-2025","EQ","629.85","651.70","621.00","630.80","651.00","650.05","645.87","651.70","447.80","27,62,726","1,78,43,53,598.00","65,584"
"18-Feb-2025","EQ","633.00","634.35","625.20","632.20","629.40","630.80","629.80","649.45","447.80","14,09,475","88,76,91,268.35","30,732"
"17-Feb-2025","EQ","618.20","633.75","609.90","618.35","632.00","632.20","624.34","649.45","447.80","14,81,549","92,49,95,457.45","43,217"
"14-Feb-2025","EQ","631.00","633.90","610.25","629.75","617.30","618.35","616.62","649.45","447.80","37,46,024","2,30,98,56,401.85","97,729"
"13-Feb-2025","EQ","620.50","638.90","615.00","620.50","631.00","629.75","630.64","649.45","447.80","31,81,044","2,00,60,85,368.10","76,048"
"12-Feb-2025","EQ","610.70","624.30","594.45","610.70","621.90","620.50","611.46","649.45","447.80","23,15,031","1,41,55,60,296.35","52,419"
"11-Feb-2025","EQ","635.00","636.80","608.20","634.95","609.95","610.70","616.22","649.45","447.80","25,25,324","1,55,61,47,766.50","44,188"
"10-Feb-2025","EQ","641.25","643.00","631.80","641.35","634.10","634.95","635.74","649.45","447.80","19,32,363","1,22,84,89,676.70","51,425"
"07-Feb-2025","EQ","642.05","648.70","635.10","644.75","641.55","641.35","641.26","649.45","447.80","23,40,663","1,50,09,66,332.95","50,408"
"06-Feb-2025","EQ","644.00","646.85","626.45","645.45","644.00","644.75","640.17","649.45","447.80","38,85,141","2,48,71,33,823.10","97,580"
"05-Feb-2025","EQ","636.00","649.45","632.00","636.90","645.60","645.45","643.62","649.45","447.80","33,72,838","2,17,08,38,243.00","93,350"
"04-Feb-2025","EQ","637.50","641.55","625.00","630.25","635.00","636.90","634.12","641.55","447.80","35,41,038","2,24,54,25,523.05","98,182"
"03-Feb-2025","EQ","610.00","636.80","607.55","604.00","629.50","630.25","627.34","636.80","447.80","1,27,13,558","7,97,56,98,298.60","2,64,292"
"01-Feb-2025","EQ","609.80","617.80","597.05","603.75","599.20","604.00","608.01","625.00","447.80","59,61,908","3,62,49,16,583.00","1,24,360"
"31-Jan-2025","EQ","573.00","617.80","567.75","566.95","604.90","603.75","593.77","625.00","447.80","86,63,742","5,14,42,63,215.75","1,78,670"
"30-Jan-2025","EQ","556.00","578.30","554.60","553.10","568.00","566.95","570.97","625.00","447.80","27,84,958","1,59,01,29,226.85","58,325"
"29-Jan-2025","EQ","542.00","555.95","539.30","538.65","555.95","553.10","549.42","625.00","447.80","21,81,049","1,19,83,01,935.65","51,201"
"28-Jan-2025","EQ","546.00","546.50","536.10","542.35","539.40","538.65","541.23","625.00","447.80","20,48,155","1,10,85,28,725.85","36,981"
"27-Jan-2025","EQ","548.95","550.40","536.20","552.00","542.00","542.35","541.44","625.00","447.80","24,86,727","1,34,64,05,537.55","73,714"
"24-Jan-2025","EQ","559.95","560.45","550.00","557.85","550.40","552.00","554.06","625.00","447.80","15,91,661","88,18,71,447.95","37,745"
"23-Jan-2025","EQ","542.50","559.75","542.05","542.70","556.50","557.85","553.11","625.00","447.80","14,77,011","81,69,50,490.35","38,361"
"22-Jan-2025","EQ","548.00","548.00","531.60","544.25","541.55","542.70","538.68","625.00","447.80","11,91,929","64,20,67,286.40","39,100"
"21-Jan-2025","EQ","557.00","559.90","543.50","552.85","545.50","544.25","549.62","625.00","447.80","17,08,101","93,88,12,799.95","54,745"
"20-Jan-2025","EQ","551.70","555.00","545.35","551.70","554.95","552.85","550.65","625.00","447.80","8,12,869","44,76,03,220.80","23,792"
"17-Jan-2025","EQ","545.00","557.65","543.50","546.30","551.75","551.70","552.00","625.00","447.80","14,61,267","80,66,12,991.10","38,484"
"16-Jan-2025","EQ","546.95","552.95","545.25","546.90","546.60","546.30","548.42","625.00","447.80","8,13,698","44,62,48,491.85","39,781"
"15-Jan-2025","EQ","544.90","552.00","543.15","541.85","545.30","546.90","547.43","625.00","447.80","9,01,487","49,34,97,534.60","58,395"
"14-Jan-2025","EQ","534.95","542.95","531.30","533.65","542.95","541.85","538.78","625.00","447.80","18,31,287","98,66,57,255.80","50,176"
"13-Jan-2025","EQ","546.25","549.00","530.95","548.85","534.25","533.65","538.39","625.00","447.80","17,70,971","95,34,66,891.95","63,330"
"10-Jan-2025","EQ","545.90","555.75","534.50","545.45","547.85","548.85","546.97","625.00","447.80","19,92,839","1,09,00,27,042.45","62,148"
"09-Jan-2025","EQ","541.95","554.65","539.70","539.55","544.05","545.45","548.74","625.00","447.80","28,05,890","1,53,97,08,532.90","87,606"
"08-Jan-2025","EQ","541.15","543.40","531.65","544.45","540.00","539.55","537.91","625.00","447.80","15,59,514","83,88,75,660.85","47,957"
"07-Jan-2025","EQ","521.00","548.65","520.00","521.30","543.60","544.45","542.37","625.00","447.80","47,87,940","2,59,68,14,454.05","75,071"
"06-Jan-2025","EQ","525.00","535.45","516.10","529.55","520.20","521.30","527.33","625.00","447.80","22,41,869","1,18,22,09,561.00","55,046"
"03-Jan-2025","EQ","508.50","533.25","508.50","509.45","530.00","529.55","524.68","625.00","447.80","28,88,197","1,51,53,80,097.05","46,601"
"02-Jan-2025","EQ","500.00","511.90","499.85","500.50","508.95","509.45","507.61","625.00","447.80","15,52,787","78,82,16,087.95","34,472"
"01-Jan-2025","EQ","498.45","501.85","497.20","501.00","501.75","500.50","499.54","625.00","447.80","5,88,602","29,40,29,688.80","21,227"
"31-Dec-2024","EQ","497.05","505.45","493.00","500.75","503.30","501.00","499.86","625.00","447.80","12,17,836","60,87,43,573.95","23,122"
"30-Dec-2024","EQ","502.00","508.35","497.00","502.05","501.00","500.75","503.05","625.00","447.80","20,19,209","1,01,57,58,087.10","36,732"
"27-Dec-2024","EQ","498.00","519.65","497.40","499.65","501.00","502.05","502.27","625.00","447.80","16,70,587","83,90,86,857.45","26,084"
"26-Dec-2024","EQ","503.10","507.05","495.85","504.50","500.00","499.65","499.11","625.00","447.80","14,27,526","71,24,91,854.25","35,083"
"24-Dec-2024","EQ","507.00","512.50","501.70","507.70","503.00","504.50","506.57","625.00","447.80","9,49,150","48,08,15,535.05","22,525"
"23-Dec-2024","EQ","505.55","510.15","496.00","504.50","507.00","507.70","504.07","625.00","447.80","11,78,165","59,38,82,296.85","27,003"
"20-Dec-2024","EQ","520.00","522.60","501.50","518.35","503.40","504.50","507.92","625.00","447.80","28,51,827","1,44,84,97,098.20","40,815"
"19-Dec-2024","EQ","524.00","525.55","517.35","532.25","519.50","518.35","520.34","625.00","447.80","11,87,222","61,77,56,248.80","27,546"
"18-Dec-2024","EQ","538.80","543.85","531.30","538.40","531.70","532.25","536.99","625.00","447.80","12,08,566","64,89,93,856.20","21,851"
"17-Dec-2024","EQ","544.10","552.00","536.65","547.95","537.70","538.40","544.26","625.00","447.80","16,37,281","89,11,14,172.70","27,386"
"16-Dec-2024","EQ","549.80","551.50","542.70","550.25","547.00","547.95","547.24","625.00","447.80","12,10,467","66,24,18,429.65","19,413"
"13-Dec-2024","EQ","547.45","551.25","535.70","547.45","549.65","550.25","542.80","625.00","447.80","22,42,153","1,21,70,31,520.85","30,149"
"12-Dec-2024","EQ","553.95","554.85","542.95","552.00","547.05","547.45","547.01","625.00","447.80","15,81,082","86,48,67,551.65","31,145"
"11-Dec-2024","EQ","552.00","566.70","551.05","549.95","553.75","552.00","559.92","625.00","447.80","53,34,736","2,98,69,98,967.05","65,587"
"10-Dec-2024","EQ","554.85","557.60","548.60","555.40","551.50","549.95","551.07","625.00","447.80","29,49,316","1,62,52,90,314.40","31,157"
"09-Dec-2024","EQ","559.80","562.25","552.05","562.65","555.00","555.40","556.24","625.00","447.80","29,22,928","1,62,58,50,443.70","49,031"
"06-Dec-2024","EQ","557.85","566.25","556.00","558.20","562.00","562.65","561.94","625.00","447.80","29,70,258","1,66,91,17,860.05","39,485"
"05-Dec-2024","EQ","568.90","569.75","552.00","567.95","559.30","558.20","558.16","625.00","447.80","20,06,983","1,12,02,17,702.30","40,517"
"04-Dec-2024","EQ","565.80","572.70","563.50","563.10","571.00","567.95","568.17","625.00","447.80","22,18,877","1,26,07,00,130.35","28,616"
"03-Dec-2024","EQ","556.00","566.90","553.60","555.05","562.30","563.10","561.32","625.00","447.80","20,73,190","1,16,37,30,558.85","60,108"
"02-Dec-2024","EQ","546.90","558.00","540.55","545.00","554.05","555.05","551.70","625.00","447.80","16,87,736","93,11,22,686.75","27,215"
"29-Nov-2024","EQ","546.50","547.90","538.25","546.90","544.55","545.00","542.81","625.00","447.80","14,65,623","79,55,50,077.45","26,728"
"28-Nov-2024","EQ","548.20","557.15","545.00","548.20","548.00","546.90","551.48","625.00","447.80","17,48,362","96,41,82,988.55","32,070"
"27-Nov-2024","EQ","553.00","554.30","539.00","551.75","548.40","548.20","545.28","625.00","447.80","17,03,921","92,91,08,686.15","39,435"
"26-Nov-2024","EQ","545.00","558.75","541.10","568.55","550.60","551.75","553.06","625.00","447.80","26,45,846","1,46,33,23,221.65","50,551"
"25-Nov-2024","EQ","570.00","578.40","566.60","566.40","570.50","568.55","571.13","625.00","447.80","58,73,405","3,35,44,95,712.95","83,407"
"22-Nov-2024","EQ","555.75","569.95","545.85","555.75","565.50","566.40","560.54","625.00","447.80","34,55,747","1,93,70,78,746.60","59,870"
"21-Nov-2024","EQ","544.00","565.65","536.85","546.80","555.75","555.75","554.29","625.00","447.80","1,00,11,530","5,54,92,87,953.30","1,12,337"
"19-Nov-2024","EQ","533.10","555.55","531.85","536.90","545.50","546.80","546.76","625.00","447.80","28,77,510","1,57,33,06,534.10","67,602"
"18-Nov-2024","EQ","528.50","541.80","514.65","525.80","533.00","536.90","529.73","625.00","447.80","30,36,277","1,60,84,09,051.55","58,818"
"14-Nov-2024","EQ","519.90","532.80","509.45","515.40","531.50","525.80","520.44","625.00","447.80","37,41,207","1,94,70,55,431.90","67,078"
"13-Nov-2024","EQ","528.00","530.50","504.30","527.75","519.95","515.40","514.92","625.00","447.80","34,36,328","1,76,94,17,695.60","86,994"
"12-Nov-2024","EQ","530.00","552.80","524.00","515.15","528.00","527.75","539.20","625.00","447.80","94,15,040","5,07,65,81,815.50","1,33,879"
"11-Nov-2024","EQ","553.15","553.20","510.00","557.60","513.30","515.15","525.99","625.00","447.80","99,14,435","5,21,48,80,086.90","1,61,960"
"08-Nov-2024","EQ","569.95","572.95","555.05","567.15","556.60","557.60","561.62","625.00","447.80","6,96,687","39,12,72,480.15","27,252"
"07-Nov-2024","EQ","569.90","575.45","564.70","567.25","568.00","567.15","569.42","625.00","447.80","8,86,267","50,46,56,635.75","26,879"
"06-Nov-2024","EQ","559.10","569.00","554.30","559.05","567.50","567.25","563.21","625.00","447.80","14,91,608","84,00,85,382.80","33,311"
"05-Nov-2024","EQ","552.00","561.85","549.05","552.65","558.00","559.05","555.94","625.00","447.80","8,94,138","49,70,85,220.05","30,486"
"04-Nov-2024","EQ","555.10","559.90","539.80","558.40","551.95","552.65","550.02","625.00","447.80","13,34,874","73,42,07,706.55","33,266"
"01-Nov-2024","EQ","553.65","562.00","553.65","553.65","558.50","558.40","558.76","625.00","447.80","1,63,230","9,12,05,842.40","6,059"
"31-Oct-2024","EQ","546.25","555.95","542.00","546.25","554.00","553.65","550.02","625.00","447.80","11,71,233","64,41,98,689.15","40,623"
"30-Oct-2024","EQ","533.00","552.40","527.65","534.65","544.80","546.25","542.14","625.00","447.80","17,51,552","94,95,77,720.15","48,418"
"29-Oct-2024","EQ","531.80","538.20","524.50","531.80","534.60","534.65","530.56","625.00","447.80","10,53,752","55,90,78,365.15","31,798"
"28-Oct-2024","EQ","520.05","541.25","520.05","521.95","532.90","531.80","533.27","625.00","447.80","10,80,853","57,63,87,978.30","33,537"
"25-Oct-2024","EQ","535.90","536.85","517.45","535.00","522.95","521.95","522.60","625.00","447.80","13,90,234","72,65,36,745.80","37,247"
"24-Oct-2024","EQ","536.00","540.85","526.30","531.75","535.90","535.00","534.52","625.00","447.80","15,54,879","83,11,19,656.05","38,593"
"23-Oct-2024","EQ","529.10","538.75","521.10","530.35","532.25","531.75","529.38","625.00","447.80","16,24,355","85,98,96,887.85","43,883"
"22-Oct-2024","EQ","545.00","547.50","528.00","545.45","530.00","530.35","536.88","625.00","447.80","20,74,618","1,11,38,18,146.90","51,338"
"21-Oct-2024","EQ","557.05","563.35","543.05","555.25","543.85","545.45","552.33","625.00","447.80","27,57,430","1,52,30,07,035.50","76,321"
"18-Oct-2024","EQ","554.00","557.75","542.60","553.70","557.00","555.25","552.14","634.90","447.80","14,02,020","77,41,14,222.65","32,735"
"17-Oct-2024","EQ","568.00","570.50","551.10","568.85","553.60","553.70","557.33","634.90","447.80","15,77,470","87,91,66,183.10","37,157"
"16-Oct-2024","EQ","573.00","576.40","564.05","574.10","567.65","568.85","568.96","634.90","447.80","13,03,677","74,17,42,519.40","35,569"
"15-Oct-2024","EQ","579.90","580.85","569.15","578.65","573.90","574.10","572.92","634.90","447.80","16,11,364","92,31,78,302.35","36,890"
"14-Oct-2024","EQ","585.00","586.90","573.20","583.05","578.00","578.65","578.70","634.90","447.80","13,08,354","75,71,39,140.90","34,951"
"11-Oct-2024","EQ","585.65","589.30","578.75","584.40","583.60","583.05","582.76","634.90","447.80","5,68,562","33,13,34,564.40","17,374"
"10-Oct-2024","EQ","580.00","593.65","580.00","577.60","584.15","584.40","587.78","634.90","447.80","13,78,203","81,00,75,606.00","33,096"
"09-Oct-2024","EQ","579.05","584.65","575.20","576.80","576.90","577.60","579.38","634.90","447.80","8,81,946","51,09,77,706.35","23,890"
"08-Oct-2024","EQ","577.70","585.55","573.35","580.30","578.00","576.80","579.15","634.90","447.80","30,35,568","1,75,80,39,218.35","62,653"
"07-Oct-2024","EQ","602.40","605.50","576.00","599.30","580.50","580.30","583.56","634.90","447.80","33,93,703","1,98,04,18,903.05","84,449"
"04-Oct-2024","EQ","608.90","612.95","596.60","605.45","600.65","599.30","604.04","634.90","447.80","17,80,533","1,07,55,07,438.30","62,849"
"03-Oct-2024","EQ","618.80","623.70","601.00","621.20","605.05","605.45","614.99","634.90","447.80","21,81,886","1,34,18,28,491.35","53,851"
"01-Oct-2024","EQ","612.00","625.00","610.80","613.15","621.90","621.20","621.10","634.90","447.80","23,17,620","1,43,94,79,338.55","67,639"
"30-Sep-2024","EQ","610.65","617.90","607.65","610.65","612.00","613.15","612.88","634.90","447.80","16,86,660","1,03,37,27,591.50","45,589"
"27-Sep-2024","EQ","601.10","616.50","600.00","601.10","610.10","610.65","611.08","634.90","447.80","18,93,789","1,15,72,55,789.55","44,452"
"26-Sep-2024","EQ","602.00","604.15","593.60","599.55","602.40","601.10","596.45","634.90","447.80","19,48,570","1,16,22,29,106.65","39,160"
"25-Sep-2024","EQ","600.10","606.45","597.10","603.75","599.75","599.55","600.91","634.90","447.80","21,93,166","1,31,78,87,401.40","66,305"
"24-Sep-2024","EQ","593.80","606.75","587.00","592.80","602.50","603.75","601.91","634.90","447.80","23,01,515","1,38,52,94,118.15","48,599"
"23-Sep-2024","EQ","589.40","593.75","584.05","587.10","593.40","592.80","589.89","634.90","447.80","21,06,715","1,24,27,21,103.30","47,863"
"20-Sep-2024","EQ","594.95","602.70","585.60","594.80","590.00","587.10","590.73","639.05","447.80","57,17,560","3,37,75,55,685.95","67,221"
"19-Sep-2024","EQ","605.10","612.75","582.55","605.10","594.50","594.80","593.21","639.05","447.80","27,21,915","1,61,46,71,978.80","55,710"
"18-Sep-2024","EQ","610.90","614.75","598.95","610.65","604.90","605.10","604.72","639.05","447.80","17,28,906","1,04,55,05,029.40","37,110"
"17-Sep-2024","EQ","615.00","615.80","609.30","613.80","610.00","610.65","611.83","639.05","447.80","11,65,443","71,30,52,823.10","48,928"
"16-Sep-2024","EQ","614.90","615.50","606.70","611.40","613.70","613.80","612.54","639.05","447.80","11,86,044","72,65,04,134.75","52,265"
"13-Sep-2024","EQ","616.00","616.95","610.25","614.85","611.10","611.40","612.89","639.05","447.80","12,37,013","75,81,52,288.90","42,940"
"12-Sep-2024","EQ","614.00","616.45","608.70","611.00","614.00","614.85","613.23","639.05","447.80","17,07,391","1,04,70,26,694.10","49,055"
"11-Sep-2024","EQ","618.80","619.10","609.00","619.20","610.75","611.00","613.38","639.05","447.80","14,21,907","87,21,63,130.60","63,220"
"10-Sep-2024","EQ","609.90","620.00","605.25","604.40","618.90","619.20","615.63","639.05","447.80","16,38,324","1,00,85,95,676.80","55,140"
"09-Sep-2024","EQ","606.00","610.80","601.10","609.80","605.00","604.40","605.13","639.05","447.80","23,34,227","1,41,25,19,136.45","61,574"
"06-Sep-2024","EQ","616.95","623.70","607.25","618.70","610.80","609.80","615.23","639.05","447.80","35,69,845","2,19,62,74,258.00","59,947"
"05-Sep-2024","EQ","612.00","622.95","606.80","607.85","618.45","618.70","616.47","639.05","447.80","34,31,993","2,11,57,24,514.15","70,792"
"04-Sep-2024","EQ","599.95","610.90","593.05","602.20","606.00","607.85","606.29","639.05","447.80","31,39,837","1,90,36,45,025.95","63,518"
"03-Sep-2024","EQ","600.00","605.95","596.00","599.50","602.50","602.20","602.01","639.05","447.80","21,47,598","1,29,28,78,786.90","43,724"
"02-Sep-2024","EQ","602.00","607.20","593.00","598.35","600.00","599.50","599.02","639.05","447.80","36,40,344","2,18,06,28,047.25","66,938"
"30-Aug-2024","EQ","584.00","604.00","582.00","577.80","598.25","598.35","596.13","639.05","447.80","76,16,878","4,54,06,84,210.40","1,05,108"
"29-Aug-2024","EQ","576.95","581.90","571.00","578.05","579.45","577.80","575.14","639.05","447.80","15,30,143","88,00,41,802.60","37,555"
"28-Aug-2024","EQ","585.00","585.90","575.55","582.95","577.00","578.05","580.22","639.05","447.80","13,69,570","79,46,47,652.95","29,154"
"27-Aug-2024","EQ","584.35","587.75","578.25","577.45","583.00","582.95","582.57","639.05","447.80","27,05,825","1,57,63,21,498.20","43,486"
"26-Aug-2024","EQ","578.90","578.90","572.10","573.70","576.35","577.45","575.63","639.05","447.80","12,83,196","73,86,44,790.65","34,059"
"23-Aug-2024","EQ","584.70","584.80","572.00","579.15","572.90","573.70","575.39","639.05","447.80","19,95,012","1,14,79,01,145.20","44,089"
"22-Aug-2024","EQ","570.00","587.90","568.25","568.30","579.50","579.15","580.38","639.05","447.80","63,09,020","3,66,16,40,645.55","1,06,240"
"21-Aug-2024","EQ","566.00","572.80","563.00","566.15","569.00","568.30","569.02","639.05","447.80","22,35,790","1,27,22,12,558.15","39,611"
"20-Aug-2024","EQ","560.60","567.00","560.10","560.60","564.70","566.15","564.16","639.05","447.80","11,94,020","67,36,18,979.25","26,301"
"19-Aug-2024","EQ","553.00","563.55","551.65","553.35","562.00","560.60","558.40","639.05","447.80","24,12,431","1,34,70,97,401.55","44,748"
"16-Aug-2024","EQ","542.85","554.40","539.60","542.85","552.55","553.35","546.73","639.05","447.80","16,35,134","89,39,76,330.95","27,615"
"14-Aug-2024","EQ","552.50","553.90","540.40","552.05","544.00","542.85","544.89","639.05","447.80","10,66,850","58,13,15,175.15","25,901"
"13-Aug-2024","EQ","566.00","566.10","550.80","565.10","552.50","552.05","555.84","639.05","447.80","16,66,599","92,63,57,319.55","32,168"
"12-Aug-2024","EQ","552.50","568.95","546.65","554.60","563.50","565.10","559.40","639.05","447.80","31,91,587","1,78,53,85,131.85","62,486"
"09-Aug-2024","EQ","558.50","562.00","550.65","547.80","555.05","554.60","556.03","639.05","447.80","20,61,454","1,14,62,38,255.25","36,512"
"08-Aug-2024","EQ","546.75","555.80","544.05","546.70","547.80","547.80","549.48","639.05","447.80","27,63,841","1,51,86,78,663.30","71,900"
"07-Aug-2024","EQ","539.00","549.00","535.55","533.55","548.50","546.70","541.90","639.05","447.80","26,23,663","1,42,17,50,942.25","32,440"
"06-Aug-2024","EQ","533.00","549.90","531.20","528.30","533.85","533.55","541.77","639.05","447.80","38,39,963","2,08,03,58,474.10","57,119"
"05-Aug-2024","EQ","520.00","551.50","520.00","537.60","526.85","528.30","539.27","639.05","447.80","81,99,938","4,42,20,08,428.75","1,32,611"
"02-Aug-2024","EQ","555.00","563.95","531.45","560.45","532.10","537.60","546.92","639.05","447.80","64,52,127","3,52,87,82,680.25","96,886"
"01-Aug-2024","EQ","575.00","577.00","557.10","572.05","561.00","560.45","566.76","639.05","447.80","19,00,787","1,07,72,98,675.50","37,440"
"31-Jul-2024","EQ","569.90","573.70","565.10","564.90","572.60","572.05","571.06","639.05","447.80","23,90,519","1,36,51,30,263.50","51,225"
"30-Jul-2024","EQ","553.60","568.80","552.50","553.15","565.00","564.90","563.46","639.05","447.80","20,46,419","1,15,30,76,618.10","35,914"
"29-Jul-2024","EQ","548.05","566.50","545.50","544.15","554.60","553.15","557.41","639.05","447.80","44,04,641","2,45,51,84,292.60","74,176"
"26-Jul-2024","EQ","529.15","545.00","529.10","529.45","544.50","544.15","541.41","639.05","447.80","14,88,053","80,56,52,870.90","42,767"
"25-Jul-2024","EQ","532.00","534.80","525.40","537.05","530.70","529.45","529.46","639.05","447.80","18,33,988","97,10,29,051.25","38,685"
"24-Jul-2024","EQ","536.30","543.45","535.00","540.40","537.00","537.05","538.16","639.05","447.80","13,98,404","75,25,70,042.95","31,532"
"23-Jul-2024","EQ","548.00","553.35","522.30","545.45","540.00","540.40","541.31","639.05","447.80","28,13,862","1,52,31,70,310.25","69,998"
"22-Jul-2024","EQ","540.00","558.20","532.85","542.60","546.10","545.45","547.50","639.05","447.80","24,45,572","1,33,89,41,668.55","55,375"
"19-Jul-2024","EQ","558.65","560.25","541.25","558.65","542.80","542.60","548.23","647.00","447.80","14,83,516","81,33,09,865.25","33,407"
"18-Jul-2024","EQ","557.30","561.00","554.95","557.30","558.70","558.65","558.20","647.00","447.80","12,58,371","70,24,27,003.00","35,328"
"16-Jul-2024","EQ","566.00","572.00","555.50","565.05","558.45","557.30","561.22","647.00","447.80","16,74,706","93,98,75,119.85","34,816"
"15-Jul-2024","EQ","566.00","567.50","560.80","563.65","563.80","565.05","564.27","647.00","447.80","16,99,641","95,90,54,007.85","34,162"
"12-Jul-2024","EQ","560.45","570.95","558.10","557.70","563.00","563.65","564.03","666.50","447.80","37,41,532","2,11,03,43,227.30","51,927"
"11-Jul-2024","EQ","560.85","566.40","555.10","559.80","558.40","557.70","562.47","666.50","447.80","37,81,459","2,12,69,58,143.10","40,698"
"10-Jul-2024","EQ","566.05","569.95","547.35","563.95","559.90","559.80","556.38","666.50","447.80","20,33,444","1,13,13,59,456.55","60,221"
"09-Jul-2024","EQ","568.00","572.30","563.00","567.40","565.00","563.95","566.27","666.50","447.80","14,27,039","80,80,89,459.10","25,866"
"08-Jul-2024","EQ","572.70","574.80","562.15","572.70","568.80","567.40","566.74","666.50","447.80","26,95,359","1,52,75,62,544.55","51,608"
"05-Jul-2024","EQ","570.80","573.90","567.70","570.45","572.70","572.70","571.81","688.95","447.80","10,72,378","61,31,98,058.05","33,112"
"04-Jul-2024","EQ","575.00","579.95","568.65","572.15","570.50","570.45","573.35","688.95","447.80","21,48,117","1,23,16,29,545.35","39,858"
"03-Jul-2024","EQ","567.50","576.00","567.20","566.65","570.80","572.15","572.68","688.95","447.80","18,98,741","1,08,73,74,308.50","53,705"
"02-Jul-2024","EQ","574.10","580.30","561.90","573.45","567.50","566.65","571.48","688.95","447.80","27,81,201","1,58,94,03,328.80","56,898"
"01-Jul-2024","EQ","570.05","574.70","567.30","570.85","573.25","573.45","572.65","688.95","447.80","14,51,065","83,09,54,515.60","28,822"
"28-Jun-2024","EQ","568.00","576.00","566.50","567.85","570.35","570.85","570.38","688.95","447.80","15,35,016","87,55,45,507.35","40,153"
"27-Jun-2024","EQ","570.20","574.60","559.25","570.35","566.45","567.85","567.53","688.95","447.80","16,27,135","92,34,55,215.50","30,858"
"26-Jun-2024","EQ","570.90","576.00","564.65","571.10","570.00","570.35","570.65","688.95","447.80","23,54,064","1,34,33,53,197.00","42,931"
"25-Jun-2024","EQ","573.00","576.80","567.00","572.10","569.55","571.10","571.98","688.95","447.80","19,85,056","1,13,54,21,205.00","36,994"
"24-Jun-2024","EQ","562.00","578.70","551.10","565.95","572.50","572.10","567.06","688.95","447.80","55,72,012","3,15,96,56,958.70","90,267"
"21-Jun-2024","EQ","574.35","574.35","561.25","569.00","565.20","565.95","566.51","696.00","447.80","58,90,175","3,33,68,66,797.35","65,912"
"20-Jun-2024","EQ","557.30","577.70","554.60","557.30","569.00","569.00","569.88","696.00","447.80","74,72,902","4,25,86,91,255.85","95,176"
"19-Jun-2024","EQ","560.00","568.45","550.70","556.15","556.90","557.30","559.34","696.00","447.80","61,24,293","3,42,55,86,173.25","82,045"
"18-Jun-2024","EQ","554.00","557.60","550.10","551.70","556.65","556.15","554.83","696.00","447.80","15,87,670","88,08,91,163.90","38,498"
"14-Jun-2024","EQ","557.70","559.80","549.70","557.70","549.75","551.70","552.65","696.00","447.80","20,22,269","1,11,76,08,021.70","36,863"
"13-Jun-2024","EQ","551.70","561.85","547.25","550.05","556.00","557.70","556.65","696.00","447.80","38,45,237","2,14,04,66,714.00","65,451"
"12-Jun-2024","EQ","555.40","558.60","548.50","554.30","549.10","550.05","552.61","696.00","447.80","21,73,771","1,20,12,57,735.45","47,375"
"11-Jun-2024","EQ","550.20","557.30","543.30","551.50","554.50","554.30","551.49","696.00","447.80","40,59,315","2,23,86,77,919.15","59,835"
"10-Jun-2024","EQ","542.65","555.60","532.10","539.75","549.60","551.50","546.50","696.00","447.80","69,64,090","3,80,58,79,391.10","1,02,194"
"07-Jun-2024","EQ","541.90","542.90","534.20","537.40","539.10","539.75","539.26","698.90","447.80","22,23,919","1,19,92,80,858.60","39,201"
"06-Jun-2024","EQ","529.80","545.50","527.70","528.45","539.00","537.40","536.02","698.90","447.80","69,39,999","3,71,99,95,270.95","89,457"
"05-Jun-2024","EQ","505.05","531.95","496.10","495.95","527.25","528.45","518.07","698.90","447.80","36,90,376","1,91,18,65,670.30","66,763"
"04-Jun-2024","EQ","529.75","529.75","478.00","528.15","499.70","495.95","501.64","698.90","447.80","42,02,540","2,10,81,57,900.40","95,320"
"03-Jun-2024","EQ","517.00","531.25","514.00","508.80","530.00","528.15","525.53","698.90","447.80","52,97,460","2,78,39,95,246.75","89,929"
"31-May-2024","EQ","508.00","517.90","506.85","506.10","510.45","508.80","509.45","698.90","447.80","85,52,013","4,35,68,36,779.25","79,366"
"30-May-2024","EQ","516.70","518.35","505.00","517.25","507.75","506.10","510.50","698.90","447.80","18,28,288","93,33,32,161.60","33,743"
"29-May-2024","EQ","519.00","522.60","515.50","517.50","517.00","517.25","518.80","698.90","447.80","25,22,672","1,30,87,59,289.90","41,101"
"28-May-2024","EQ","527.50","529.00","516.10","524.95","517.15","517.50","521.32","698.90","447.80","24,62,629","1,28,38,09,016.65","50,500"
"27-May-2024","EQ","518.40","529.65","516.85","515.80","526.00","524.95","526.01","698.90","447.80","67,01,240","3,52,49,48,548.20","95,943"
"24-May-2024","EQ","516.50","522.00","513.40","510.85","516.50","515.80","518.36","698.90","447.80","43,20,492","2,23,95,84,635.65","70,306"
"23-May-2024","EQ","515.55","517.70","507.20","515.55","510.95","510.85","511.10","698.90","447.80","18,24,121","93,23,17,141.10","38,739"
"22-May-2024","EQ","514.00","522.05","510.35","512.10","515.60","515.55","516.23","698.90","447.80","28,07,354","1,44,92,42,399.35","69,242"
"21-May-2024","EQ","508.50","514.00","508.50","511.40","512.45","512.10","512.13","698.90","447.80","23,72,489","1,21,50,19,627.05","39,547"
"18-May-2024","EQ","515.35","515.35","510.05","511.25","511.50","511.40","512.08","698.90","447.80","2,13,106","10,91,26,638.15","5,290"
"17-May-2024","EQ","510.10","515.30","510.10","510.00","511.05","511.25","512.09","698.90","447.80","19,11,312","97,87,66,820.50","50,741"
"16-May-2024","EQ","516.15","519.80","505.85","514.80","510.15","510.00","510.82","698.90","447.80","23,98,088","1,22,49,85,993.20","38,114"
"15-May-2024","EQ","512.95","521.30","510.05","510.05","514.20","514.80","515.64","698.90","447.80","42,34,215","2,18,33,44,375.10","64,102"
"14-May-2024","EQ","531.80","531.80","501.65","534.10","510.95","510.05","508.46","698.90","447.80","1,50,11,896","7,63,29,76,264.50","1,84,705"
"13-May-2024","EQ","502.45","540.00","502.45","501.90","540.00","534.10","522.64","698.90","447.80","2,70,39,443","14,13,19,46,473.60","3,43,467"
"10-May-2024","EQ","471.00","505.00","464.45","466.45","501.00","501.90","490.50","725.00","447.80","68,34,995","3,35,25,84,320.90","88,494"
"09-May-2024","EQ","477.85","482.25","464.35","477.85","466.10","466.45","473.81","725.00","447.80","27,26,979","1,29,20,75,762.55","37,224"
"08-May-2024","EQ","475.50","479.95","471.15","474.10","477.70","477.85","477.08","725.00","447.80","18,61,827","88,82,40,227.15","23,475"
"07-May-2024","EQ","485.00","486.45","470.40","483.40","474.20","474.10","475.45","725.00","447.80","45,35,131","2,15,62,45,603.55","70,777"
"06-May-2024","EQ","495.25","498.30","481.10","493.60","483.90","483.40","489.02","725.00","447.80","36,52,474","1,78,61,18,423.10","40,172"
"03-May-2024","EQ","500.85","503.95","490.05","498.20","494.30","493.60","496.92","759.95","447.80","21,96,892","1,09,16,84,395.90","30,114"
"02-May-2024","EQ","508.10","510.40","497.30","507.15","499.40","498.20","502.11","759.95","447.80","24,05,482","1,20,78,19,462.10","53,434"
"30-Apr-2024","EQ","506.90","513.70","506.30","507.05","506.40","507.15","510.52","759.95","447.80","35,09,055","1,79,14,30,427.10","38,925"
"29-Apr-2024","EQ","510.95","510.95","504.50","508.45","506.55","507.05","507.20","759.95","447.80","25,01,739","1,26,88,90,745.05","35,254"
"26-Apr-2024","EQ","509.00","513.90","502.50","505.90","508.00","508.45","509.70","759.95","447.80","28,25,380","1,44,00,89,289.80","47,843"
"25-Apr-2024","EQ","499.00","506.95","496.35","498.45","506.00","505.90","504.09","759.95","447.80","46,60,938","2,34,95,13,633.35","59,697"
"24-Apr-2024","EQ","495.85","503.90","495.60","495.50","499.00","498.45","500.21","759.95","447.80","16,83,615","84,21,61,796.25","28,867"
"23-Apr-2024","EQ","494.90","500.60","492.25","493.40","494.35","495.50","496.24","759.95","447.80","30,14,860","1,49,60,90,158.50","34,702"
"22-Apr-2024","EQ","492.00","494.60","487.60","487.55","493.00","493.40","491.60","759.95","447.80","18,60,795","91,47,69,876.20","31,456"
"19-Apr-2024","EQ","473.25","489.95","466.55","478.40","488.00","487.55","480.86","759.95","447.80","32,09,153","1,54,31,53,667.00","50,894"
"18-Apr-2024","EQ","488.30","492.85","476.20","484.65","481.00","478.40","485.71","759.95","447.80","27,06,609","1,31,46,29,297.35","46,188"
"16-Apr-2024","EQ","488.05","492.00","483.05","489.95","485.00","484.65","486.58","759.95","447.80","31,04,362","1,51,05,22,270.45","44,296"
"15-Apr-2024","EQ","495.00","499.55","486.50","502.05","489.15","489.95","492.88","759.95","447.80","49,94,330","2,46,15,95,041.90","78,056"
"12-Apr-2024","EQ","505.55","511.10","500.50","504.30","502.05","502.05","504.41","759.95","447.80","53,37,775","2,69,24,20,385.20","71,619"
"10-Apr-2024","EQ","490.50","509.00","489.40","489.85","504.95","504.30","501.99","759.95","447.80","79,37,541","3,98,45,80,118.20","90,645"
"09-Apr-2024","EQ","492.70","496.50","486.80","489.05","490.50","489.85","492.05","759.95","447.80","21,66,661","1,06,60,99,021.30","40,240"
"08-Apr-2024","EQ","500.55","500.55","483.05","494.35","489.00","489.05","490.94","759.95","447.80","46,03,981","2,26,02,93,156.70","64,656"
"05-Apr-2024","EQ","499.50","500.60","489.90","492.95","494.00","494.35","494.79","759.95","447.80","67,53,966","3,34,17,81,480.00","73,637"
"04-Apr-2024","EQ","480.00","496.75","473.10","476.70","496.30","492.95","487.84","759.95","447.80","97,78,795","4,77,05,04,754.60","1,00,524"
"03-Apr-2024","EQ","475.00","482.95","470.50","475.25","477.95","476.70","476.55","759.95","447.80","47,88,697","2,28,20,76,908.65","62,698"
"02-Apr-2024","EQ","463.00","476.95","461.00","466.20","476.00","475.25","470.72","759.95","447.80","55,64,890","2,61,94,83,928.70","54,201"
"01-Apr-2024","EQ","460.00","468.35","458.45","456.00","466.50","466.20","463.82","759.95","447.80","28,40,448","1,31,74,51,513.00","44,162"